Jahr;ID;Region;Empfänger(innen) von Sozialhilfe (Total);Empfänger(innen) von Sozialhilfe (Weiblich);Empfänger(innen) von Sozialhilfe (Ausländer);Empfänger(innen) von Sozialhilfe (Außerhalb von Einrichtungen);Empfänger(innen) von Sozialhilfe (Unter 7 Jahre);Empfänger(innen) von Sozialhilfe (Zwischen 7 - 18 Jahre);Empfänger(innen) von Sozialhilfe (Zwischen 18 - 25 Jahre);Empfänger(innen) von Sozialhilfe (Zwischen 25 - 50 Jahre);Empfänger(innen) von Sozialhilfe (Zwischen 50 - 65 Jahre);Empfänger(innen) von Sozialhilfe (Über 65 Jahre)
2012;DG;Deutschland;342640;163291;22117;112585;7326;20581;20281;118451;99021;76980
2012;01;  Schleswig-Holstein;16495;7788;629;6599;302;815;1151;6384;4589;3254
2012;01001;      Flensburg, Kreisfreie Stadt;546;258;15;213;5;24;31;209;151;126
2012;01002;      Kiel, Landeshauptstadt, Kreisfreie Stadt;1214;638;83;665;43;85;68;481;305;232
2012;01003;      Lübeck, Hansestadt, Kreisfreie Stadt;1479;695;65;669;40;77;88;571;397;306
2012;01004;      Neumünster, Kreisfreie Stadt;721;327;37;484;28;31;66;275;224;97
2012;01051;      Dithmarschen, Landkreis;631;292;15;203;21;27;54;241;162;126
2012;01053;      Herzogtum Lauenburg, Landkreis;925;441;34;469;10;66;70;419;224;136
2012;01054;      Nordfriesland, Landkreis;552;301;0;122;10;11;28;204;155;144
2012;01055;      Ostholstein, Landkreis;1359;623;17;296;12;48;71;418;439;371
2012;01056;      Pinneberg, Landkreis;1139;562;118;688;19;60;51;449;334;226
2012;01057;      Plön, Landkreis;885;416;32;314;16;42;54;329;269;175
2012;01058;      Rendsburg-Eckernförde, Landkreis;2385;1085;80;1018;44;142;233;1010;629;327
2012;01059;      Schleswig-Flensburg, Landkreis;1438;721;19;265;15;37;82;484;411;409
2012;01060;      Segeberg, Landkreis;1368;595;56;504;23;86;92;544;357;266
2012;01061;      Steinburg, Landkreis;812;343;16;431;10;39;53;327;283;100
2012;01062;      Stormarn, Landkreis;694;342;35;255;5;32;59;271;176;151
2012;02;  Hamburg;12050;5904;1575;5293;298;677;574;4403;3810;2288
2012;03;  Niedersachsen;38732;18228;1548;10683;954;2347;2724;13908;10268;8531
2012;031;    Braunschweig, Stat. Region;7206;3403;264;2485;126;340;351;2459;2169;1761
2012;03101;      Braunschweig, Kreisfreie Stadt;853;409;31;345;14;47;52;300;219;221
2012;03102;      Salzgitter, Kreisfreie Stadt;466;246;44;183;7;16;16;134;159;134
2012;03103;      Wolfsburg, Kreisfreie Stadt;212;118;19;112;7;10;1;61;78;55
2012;03151;      Gifhorn, Landkreis;685;218;15;149;8;27;51;225;214;160
2012;03152;      Göttingen, Landkreis;1423;677;61;671;16;64;72;618;396;257
2012;03153;      Goslar, Landkreis;888;439;34;345;9;51;37;262;313;216
2012;03154;      Helmstedt, Landkreis;356;189;19;164;15;28;16;108;115;74
2012;03155;      Northeim, Landkreis;452;240;12;109;12;22;17;140;104;157
2012;03156;      Osterode am Harz, Landkreis;556;255;14;114;10;13;10;172;197;154
2012;03157;      Peine, Landkreis;439;220;5;172;13;32;16;145;116;117
2012;03158;      Wolfenbüttel, Landkreis;876;392;10;121;15;30;63;294;258;216
2012;032;    Hannover, Stat. Region;11863;5503;721;3134;479;776;728;4447;3108;2325
2012;03241;      Region Hannover, Landkreis;6188;2820;473;1681;386;394;369;2393;1552;1094
2012;03241001;      Hannover, Landeshauptstadt;2588;1267;286;1066;66;189;156;949;696;532
2012;03251;      Diepholz, Landkreis;715;339;32;243;14;34;27;239;200;201
2012;03252;      Hameln-Pyrmont, Landkreis;842;391;69;295;11;41;49;286;244;211
2012;03254;      Hildesheim, Landkreis;2323;1094;89;381;36;234;194;944;565;350
2012;03255;      Holzminden, Landkreis;357;172;10;132;8;19;30;129;86;85
2012;03256;      Nienburg (Weser), Landkreis;687;329;14;214;11;35;15;184;219;223
2012;03257;      Schaumburg, Landkreis;751;358;34;188;13;19;44;272;242;161
2012;033;    Lüneburg, Stat. Region;7572;3547;165;1837;148;434;634;2840;1935;1581
2012;03351;      Celle, Landkreis;1271;564;38;269;34;66;90;546;351;184
2012;03352;      Cuxhaven, Landkreis;526;287;1;115;8;60;49;155;84;170
2012;03353;      Harburg, Landkreis;751;352;20;313;14;52;41;297;197;150
2012;03354;      Lüchow-Dannenberg, Landkreis;278;123;3;92;16;21;30;84;61;66
2012;03355;      Lüneburg, Landkreis;1158;537;26;262;15;59;86;467;307;224
2012;03356;      Osterholz, Landkreis;408;193;9;84;9;15;38;160;119;67
2012;03357;      Rotenburg (Wümme), Landkreis;1189;516;14;93;12;44;120;401;358;254
2012;03358;      Heidekreis, Landkreis;549;270;24;168;8;41;54;188;148;110
2012;03359;      Stade, Landkreis;550;265;9;199;12;27;31;220;125;135
2012;03360;      Uelzen, Landkreis;489;235;12;132;10;25;44;168;94;148
2012;03361;      Verden, Landkreis;403;205;9;110;10;24;51;154;91;73
2012;034;    Weser-Ems, Stat. Region;10268;5034;368;3198;196;701;778;3430;2673;2490
2012;03401;      Delmenhorst, Kreisfreie Stadt;526;252;53;192;10;36;40;171;148;121
2012;03402;      Emden, Kreisfreie Stadt;253;121;2;107;10;14;9;95;80;45
2012;03403;      Oldenburg (Oldenburg), Kreisfreie Stadt;810;380;26;405;18;58;71;270;238;155
2012;03404;      Osnabrück, Kreisfreie Stadt;771;393;50;214;13;55;56;272;161;214
2012;03405;      Wilhelmshaven, Kreisfreie Stadt;628;309;11;164;8;43;53;183;162;179
2012;03451;      Ammerland, Landkreis;515;260;16;301;9;35;31;190;170;80
2012;03452;      Aurich, Landkreis;612;304;9;161;19;32;39;186;164;172
2012;03453;      Cloppenburg, Landkreis;612;286;18;127;10;50;56;201;152;143
2012;03454;      Emsland, Landkreis;929;492;34;364;29;80;63;369;232;156
2012;03455;      Friesland, Landkreis;373;183;7;111;3;28;35;124;98;85
2012;03456;      Grafschaft Bentheim, Landkreis;404;204;21;72;13;17;34;143;86;111
2012;03457;      Leer, Landkreis;624;304;12;168;9;60;52;211;157;135
2012;03458;      Oldenburg, Landkreis;529;233;12;178;11;34;43;179;157;105
2012;03459;      Osnabrück, Landkreis;1431;678;67;327;8;46;81;493;391;412
2012;03460;      Vechta, Landkreis;449;233;18;73;5;56;69;119;71;129
2012;03461;      Wesermarsch, Landkreis;610;292;10;167;14;46;40;181;160;169
2012;03462;      Wittmund, Landkreis;192;110;2;67;7;11;6;43;46;79
2012;04;  Bremen;3728;1856;317;1710;86;187;173;1343;1166;773
2012;04011;      Bremen, Kreisfreie Stadt;2828;1447;274;1402;71;136;118;1011;901;591
2012;04012;      Bremerhaven, Kreisfreie Stadt;900;409;43;308;15;51;55;332;265;182
2012;05;  Nordrhein-Westfalen;87470;43268;6823;28960;1388;4224;4625;30779;25108;21346
2012;051;    Düsseldorf, Regierungsbezirk;26051;13067;2254;8360;428;1247;1218;8611;7665;6882
2012;05111;      Düsseldorf, Kreisfreie Stadt;2902;1473;365;974;35;96;89;886;924;872
2012;05112;      Duisburg, Kreisfreie Stadt;2606;1345;218;820;36;104;133;813;804;716
2012;05113;      Essen, Kreisfreie Stadt;3418;1710;207;682;95;137;115;924;1012;1135
2012;05114;      Krefeld, Kreisfreie Stadt;1209;626;116;385;23;70;70;428;339;279
2012;05116;      Mönchengladbach, Kreisfreie Stadt;1840;962;159;801;42;94;118;626;514;446
2012;05117;      Mülheim an der Ruhr, Kreisfreie Stadt;957;465;115;476;15;46;30;315;357;194
2012;05119;      Oberhausen, Kreisfreie Stadt;1017;499;70;395;15;63;31;349;313;246
2012;05120;      Remscheid, Kreisfreie Stadt;692;338;52;224;7;11;37;272;213;152
2012;05122;      Solingen, Kreisfreie Stadt;862;437;106;316;14;57;31;293;238;229
2012;05124;      Wuppertal, Kreisfreie Stadt;1895;892;155;598;25;82;81;700;573;434
2012;05154;      Kleve, Kreis;1495;730;71;313;8;52;74;465;429;467
2012;05158;      Mettmann, Kreis;2425;1208;246;968;36;140;145;891;675;538
2012;05162;      Rhein-Kreis Neuss;1584;769;122;467;33;111;79;539;415;407
2012;05166;      Viersen, Kreis;1133;586;38;329;14;56;70;415;298;280
2012;05170;      Wesel, Kreis;2016;1027;214;612;30;128;115;695;561;487
2012;053;    Köln, Regierungsbezirk;21179;10406;2048;8087;352;994;1034;7681;6336;4782
2012;05314;      Bonn, Kreisfreie Stadt;2026;931;208;1075;38;87;76;914;548;363
2012;05315;      Köln, Kreisfreie Stadt;5641;2705;992;2463;124;273;266;2078;1754;1146
2012;05316;      Leverkusen, Kreisfreie Stadt;879;423;146;496;12;46;30;358;309;124
2012;05334;      Städteregion Aachen (einschl. Stadt Aachen);2634;1336;212;970;51;107;118;862;772;724
2012;05334002;      Aachen, krfr. Stadt;1329;622;127;441;29;41;51;456;374;378
2012;05354;      Aachen, Kreis;-;-;-;-;-;-;-;-;-;-
2012;05358;      Düren, Kreis;1216;596;50;356;13;51;50;403;358;341
2012;05362;      Rhein-Erft-Kreis;1586;818;116;533;28;100;93;601;435;329
2012;05366;      Euskirchen, Kreis;1026;488;26;270;10;35;75;338;293;275
2012;05370;      Heinsberg, Kreis;1385;728;54;363;25;73;78;410;390;409
2012;05374;      Oberbergischer Kreis;1532;727;97;514;11;57;67;552;505;340
2012;05378;      Rheinisch-Bergischer Kreis;1064;518;64;344;10;49;54;398;299;254
2012;05382;      Rhein-Sieg-Kreis;2190;1136;83;703;30;116;127;767;673;477
2012;055;    Münster, Regierungsbezirk;12139;6044;652;3724;216;652;717;4538;3305;2711
2012;05512;      Bottrop, Kreisfreie Stadt;604;333;37;261;22;48;44;199;161;130
2012;05513;      Gelsenkirchen, Kreisfreie Stadt;1401;694;135;401;34;66;52;467;414;368
2012;05515;      Münster, Kreisfreie Stadt;1713;802;132;701;27;82;81;698;468;357
2012;05554;      Borken, Kreis;1638;770;67;357;14;83;124;625;439;353
2012;05558;      Coesfeld, Kreis;1008;544;29;225;10;48;74;355;250;271
2012;05562;      Recklinghausen, Kreis;2946;1460;77;1041;54;155;153;1156;883;545
2012;05566;      Steinfurt, Kreis;1712;847;107;520;30;112;126;642;426;376
2012;05570;      Warendorf, Kreis;1117;594;68;218;25;58;63;396;264;311
2012;057;    Detmold, Regierungsbezirk;9906;4714;623;3080;133;456;591;3639;2615;2472
2012;05711;      Bielefeld, Kreisfreie Stadt;2257;1002;232;1001;29;104;130;1024;563;407
2012;05754;      Gütersloh, Kreis;1005;465;85;297;19;69;62;426;252;177
2012;05758;      Herford, Kreis;1151;543;52;445;15;40;73;418;333;272
2012;05762;      Höxter, Kreis;602;284;19;117;15;30;37;204;157;159
2012;05766;      Lippe, Kreis;1583;790;74;333;21;73;112;528;403;446
2012;05770;      Minden-Lübbecke, Kreis;1909;930;90;506;20;83;99;546;543;618
2012;05774;      Paderborn, Kreis;1399;700;71;381;14;57;78;493;364;393
2012;059;    Arnsberg, Regierungsbezirk;17420;8596;1214;5681;254;865;1052;6202;5026;4021
2012;05911;      Bochum, Kreisfreie Stadt;1630;770;129;571;28;92;70;602;508;330
2012;05913;      Dortmund, Kreisfreie Stadt;2844;1421;244;1072;26;124;200;998;825;671
2012;05914;      Hagen, Kreisfreie Stadt;1204;601;158;614;31;88;74;450;374;187
2012;05915;      Hamm, Kreisfreie Stadt;758;344;38;135;5;27;50;243;220;213
2012;05916;      Herne, Kreisfreie Stadt;724;345;50;165;3;21;33;263;223;181
2012;05954;      Ennepe-Ruhr-Kreis;1773;856;106;724;22;83;85;736;530;317
2012;05958;      Hochsauerlandkreis;1457;735;68;449;30;80;110;491;413;333
2012;05962;      Märkischer Kreis;2100;1006;161;703;33;120;122;768;560;497
2012;05966;      Olpe, Kreis;463;253;16;90;4;12;25;160;108;154
2012;05970;      Siegen-Wittgenstein, Kreis;1102;564;87;385;25;67;68;430;322;190
2012;05974;      Soest, Kreis;1806;872;93;352;13;55;100;503;543;592
2012;05978;      Unna, Kreis;1559;829;64;421;34;96;115;558;400;356
2012;06;  Hessen;30853;14914;3037;11693;599;2031;1690;11301;9070;6162
2012;064;    Darmstadt, Regierungsbezirk;19446;9444;2500;7702;384;1320;997;7059;5891;3795
2012;06411;      Darmstadt, Kreisfreie Stadt;1118;524;152;682;36;94;37;446;408;97
2012;06412;      Frankfurt am Main, Kreisfreie Stadt;4641;2063;943;2089;100;256;185;1674;1513;913
2012;06413;      Offenbach am Main, Kreisfreie Stadt;613;286;101;239;24;62;28;181;205;113
2012;06414;      Wiesbaden, Landeshauptstadt, Kreisfreie Stadt;2294;1154;271;886;31;107;122;1030;730;274
2012;06431;      Bergstraße, Landkreis;978;457;65;370;51;140;43;335;269;140
2012;06432;      Darmstadt-Dieburg, Landkreis;1150;586;125;419;18;86;72;418;310;246
2012;06433;      Groß-Gerau, Landkreis;1032;471;154;458;17;82;60;343;343;187
2012;06434;      Hochtaunuskreis;838;386;77;246;9;47;53;348;246;135
2012;06435;      Main-Kinzig-Kreis;2064;1069;209;912;24;132;128;702;616;462
2012;06436;      Main-Taunus-Kreis;841;431;83;398;7;72;45;358;235;124
2012;06437;      Odenwaldkreis;393;204;35;129;12;31;12;124;123;91
2012;06438;      Offenbach, Landkreis;1188;619;144;424;18;85;79;419;357;230
2012;06439;      Rheingau-Taunus-Kreis;717;342;40;188;13;48;54;256;158;188
2012;06440;      Wetteraukreis;1579;852;101;262;24;78;79;425;378;595
2012;065;    Gießen, Regierungsbezirk;4977;2366;259;1710;83;297;319;1842;1379;1057
2012;06531;      Gießen, Landkreis;1330;603;85;472;25;72;78;464;377;314
2012;06532;      Lahn-Dill-Kreis;1054;502;68;387;12;50;64;397;347;184
2012;06533;      Limburg-Weilburg, Landkreis;726;348;43;222;14;63;49;263;189;148
2012;06534;      Marburg-Biedenkopf, Landkreis;1181;566;54;500;25;75;74;505;283;219
2012;06535;      Vogelsbergkreis;686;347;9;129;7;37;54;213;183;192
2012;066;    Kassel, Regierungsbezirk;6265;2993;269;2272;131;412;373;2396;1798;1155
2012;06611;      Kassel, Kreisfreie Stadt;1522;686;118;872;41;99;77;689;460;156
2012;06631;      Fulda, Landkreis;1059;553;48;175;15;67;58;388;283;248
2012;06632;      Hersfeld-Rotenburg, Landkreis;465;208;24;174;7;42;55;171;153;37
2012;06633;      Kassel, Landkreis;908;445;37;401;28;70;51;347;243;169
2012;06634;      Schwalm-Eder-Kreis;857;412;15;217;12;50;50;259;204;282
2012;06635;      Waldeck-Frankenberg, Landkreis;633;297;14;133;12;39;44;216;181;141
2012;06636;      Werra-Meißner-Kreis;821;392;13;300;16;45;38;326;274;122
2012;07;  Rheinland-Pfalz;13427;6894;629;3976;230;731;861;4122;3929;3554
2012;071;    Koblenz, Stat. Region;5452;2862;240;1535;90;272;393;1642;1561;1494
2012;07111;      Koblenz, Kreisfreie Stadt;457;233;40;121;5;13;25;146;141;127
2012;07131;      Ahrweiler, Landkreis;477;250;20;93;3;18;36;119;131;170
2012;07132;      Altenkirchen (Westerwald), Landkreis;519;281;21;117;5;20;32;157;162;143
2012;07133;      Bad Kreuznach, Landkreis;602;310;28;163;15;35;49;176;166;161
2012;07134;      Birkenfeld, Landkreis;101;43;3;69;7;6;1;26;31;30
2012;07135;      Cochem-Zell, Landkreis;189;122;4;34;4;4;7;47;49;78
2012;07137;      Mayen-Koblenz, Landkreis;796;428;21;180;12;47;71;263;187;216
2012;07138;      Neuwied, Landkreis;741;372;41;232;19;59;44;192;219;208
2012;07140;      Rhein-Hunsrück-Kreis;333;158;10;93;4;27;28;97;95;82
2012;07141;      Rhein-Lahn-Kreis;602;328;12;169;1;15;49;201;169;167
2012;07143;      Westerwaldkreis;635;337;40;264;15;28;51;218;211;112
2012;072;    Trier, Stat. Region;1598;844;41;458;18;74;79;413;504;510
2012;07211;      Trier, Kreisfreie Stadt;573;307;15;195;6;22;28;139;226;152
2012;07231;      Bernkastel-Wittlich, Landkreis;86;39;6;86;5;8;7;31;33;2
2012;07232;      Eifelkreis Bitburg-Prüm;351;159;7;73;3;13;12;92;109;122
2012;07233;      Vulkaneifel, Landkreis;205;125;2;24;0;15;9;51;38;92
2012;07235;      Trier-Saarburg, Landkreis;383;214;11;80;4;16;23;100;98;142
2012;073;    Rheinhessen-Pfalz, Stat. Region;6377;3188;348;1983;122;385;389;2067;1864;1550
2012;07311;      Frankenthal (Pfalz), Kreisfreie Stadt;88;46;12;65;6;8;1;23;33;17
2012;07312;      Kaiserslautern, Kreisfreie Stadt;504;249;37;193;13;33;35;126;176;121
2012;07313;      Landau in der Pfalz, Kreisfreie Stadt;169;86;3;46;2;10;20;53;37;47
2012;07314;      Ludwigshafen am Rhein, Kreisfreie Stadt;609;296;47;172;5;35;26;186;200;157
2012;07315;      Mainz, Kreisfreie Stadt;759;345;61;234;23;53;35;280;227;141
2012;07316;      Neustadt an der Weinstraße, Kreisfreie Stadt;200;109;8;43;4;10;18;68;53;47
2012;07317;      Pirmasens, Kreisfreie Stadt;258;135;7;67;9;19;14;81;79;56
2012;07318;      Speyer, Kreisfreie Stadt;58;34;9;53;4;8;1;16;25;4
2012;07319;      Worms, Kreisfreie Stadt;353;180;37;201;3;15;19;110;135;71
2012;07320;      Zweibrücken, Kreisfreie Stadt;149;95;9;56;6;9;3;38;48;45
2012;07331;      Alzey-Worms, Landkreis;395;195;18;145;9;31;24;131;105;95
2012;07332;      Bad Dürkheim, Landkreis;357;175;11;63;2;18;19;128;103;87
2012;07333;      Donnersbergkreis;321;159;7;111;2;21;28;106;89;75
2012;07334;      Germersheim, Landkreis;293;145;12;94;6;13;22;100;81;71
2012;07335;      Kaiserslautern, Landkreis;222;118;8;66;5;20;14;63;67;53
2012;07336;      Kusel, Landkreis;286;137;9;83;4;25;28;85;67;77
2012;07337;      Südliche Weinstraße, Landkreis;302;149;12;88;9;12;25;93;71;92
2012;07338;      Rhein-Pfalz-Kreis;191;94;13;31;4;6;11;84;49;37
2012;07339;      Mainz-Bingen, Landkreis;620;317;24;141;4;23;35;221;161;176
2012;07340;      Südwestpfalz, Landkreis;243;124;4;31;2;16;11;75;58;81
2012;08;  Baden-Württemberg;14190;6628;1461;6036;320;1887;1268;4204;4412;2099
2012;081;    Stuttgart, Regierungsbezirk;2734;1318;474;2200;93;535;226;813;1003;64
2012;08111;      Stuttgart, Landeshauptstadt, Kreisfreie Stadt;632;294;138;632;16;105;49;204;251;7
2012;08115;      Böblingen, Landkreis;212;103;43;146;10;50;24;56;63;9
2012;08116;      Esslingen, Landkreis;248;120;51;222;8;30;10;95;97;8
2012;08117;      Göppingen, Landkreis;213;117;39;169;9;39;20;59;81;5
2012;08118;      Ludwigsburg, Landkreis;330;149;68;206;1;91;28;88;120;2
2012;08119;      Rems-Murr-Kreis;388;175;66;244;16;82;35;118;134;3
2012;08121;      Heilbronn, Kreisfreie Stadt;89;45;16;88;0;2;10;26;47;4
2012;08125;      Heilbronn, Landkreis;147;72;11;109;7;25;19;33;55;8
2012;08126;      Hohenlohekreis;39;23;1;34;1;6;5;10;17;0
2012;08127;      Schwäbisch Hall, Landkreis;97;52;7;87;5;12;4;26;36;14
2012;08128;      Main-Tauber-Kreis;86;38;2;54;1;28;10;17;28;2
2012;08135;      Heidenheim, Landkreis;130;62;14;86;9;40;9;38;32;2
2012;08136;      Ostalbkreis;123;68;18;123;10;25;3;43;42;0
2012;082;    Karlsruhe, Regierungsbezirk;5451;2456;438;1548;76;471;418;1708;1671;1107
2012;08211;      Baden-Baden, Kreisfreie Stadt;84;50;10;64;1;12;8;24;36;3
2012;08212;      Karlsruhe, Kreisfreie Stadt;1264;558;131;349;7;62;43;411;411;330
2012;08215;      Karlsruhe, Landkreis;810;338;80;200;8;93;76;299;218;116
2012;08216;      Rastatt, Landkreis;421;212;31;115;5;55;38;73;102;148
2012;08221;      Heidelberg, Kreisfreie Stadt;501;215;40;61;1;11;22;139;165;163
2012;08222;      Mannheim, Universitätsstadt, Kreisfreie Stadt;1089;485;37;282;30;81;73;395;370;140
2012;08225;      Neckar-Odenwald-Kreis;110;50;6;67;6;25;17;27;31;4
2012;08226;      Rhein-Neckar-Kreis;321;144;25;149;11;71;64;75;85;15
2012;08231;      Pforzheim, Kreisfreie Stadt;127;66;21;99;2;21;12;34;49;9
2012;08235;      Calw, Landkreis;398;180;25;28;1;4;32;139;111;111
2012;08236;      Enzkreis;101;40;10;99;2;29;20;22;26;2
2012;08237;      Freudenstadt, Landkreis;225;118;22;35;2;7;13;70;67;66
2012;083;    Freiburg, Regierungsbezirk;3988;1888;358;1384;90;558;357;1168;1132;683
2012;08311;      Freiburg im Breisgau, Kreisfreie Stadt;807;388;68;175;12;42;39;238;243;233
2012;08315;      Breisgau-Hochschwarzwald, Landkreis;127;70;18;127;6;13;0;39;64;5
2012;08316;      Emmendingen, Landkreis;108;44;3;76;5;21;10;29;43;0
2012;08317;      Ortenaukreis;382;194;41;248;22;120;49;71;117;3
2012;08325;      Rottweil, Landkreis;365;175;34;111;5;20;25;150;85;80
2012;08326;      Schwarzwald-Baar-Kreis;805;389;60;236;11;59;50;247;249;189
2012;08327;      Tuttlingen, Landkreis;359;181;21;82;8;26;35;136;93;61
2012;08335;      Konstanz, Landkreis;333;144;41;177;10;81;72;89;75;6
2012;08336;      Lörrach, Landkreis;184;74;28;69;5;95;28;21;34;1
2012;08337;      Waldshut, Landkreis;518;229;44;83;6;81;49;148;129;105
2012;084;    Tübingen, Regierungsbezirk;2017;966;191;904;61;323;267;515;606;245
2012;08415;      Reutlingen, Landkreis;209;96;22;100;7;46;47;34;63;12
2012;08416;      Tübingen, Landkreis;185;95;24;129;5;31;28;50;69;2
2012;08417;      Zollernalbkreis;367;195;32;50;3;34;33;115;85;97
2012;08421;      Ulm, Universitätsstadt, Kreisfreie Stadt;141;68;26;118;4;16;12;47;60;2
2012;08425;      Alb-Donau-Kreis;122;53;10;81;7;31;12;25;41;6
2012;08426;      Biberach, Landkreis;124;60;12;74;9;29;25;22;37;2
2012;08435;      Bodenseekreis;267;133;27;191;5;37;41;62;106;16
2012;08436;      Ravensburg, Landkreis;215;90;16;112;13;62;35;57;44;4
2012;08437;      Sigmaringen, Landkreis;387;176;22;49;8;37;34;103;101;104
2012;09;  Bayern;45251;22034;3479;10159;435;2107;2720;14282;12509;13198
2012;091;    Oberbayern, Regierungsbezirk;15722;7502;1803;4003;131;777;902;5120;4452;4340
2012;09161;      Ingolstadt;517;243;38;127;5;28;35;148;160;141
2012;09162;      München, Landeshauptstadt;4837;2322;1078;2396;69;270;196;1624;1645;1033
2012;09163;      Rosenheim;212;117;19;63;3;12;5;70;50;72
2012;09171;      Altötting, Landkreis;531;334;19;87;1;17;22;120;137;234
2012;09172;      Berchtesgadener Land, Landkreis;448;210;32;52;0;32;42;148;102;124
2012;09173;      Bad Tölz-Wolfratshausen, Landkreis;522;229;36;89;1;12;17;171;159;162
2012;09174;      Dachau, Landkreis;869;444;62;60;5;46;94;263;235;226
2012;09175;      Ebersberg, Landkreis;399;207;38;81;2;9;17;143;100;128
2012;09176;      Eichstätt, Landkreis;113;69;3;31;1;13;8;14;20;57
2012;09177;      Erding, Landkreis;493;193;30;74;10;16;31;161;146;129
2012;09178;      Freising, Landkreis;309;138;23;48;0;17;13;111;81;87
2012;09179;      Fürstenfeldbruck, Landkreis;310;173;31;99;2;18;23;99;75;93
2012;09180;      Garmisch-Partenkirchen, Landkreis;289;141;17;52;0;3;10;65;94;117
2012;09181;      Landsberg am Lech, Landkreis;429;247;11;76;3;30;55;204;76;61
2012;09182;      Miesbach, Landkreis;250;142;11;32;0;16;23;77;45;89
2012;09183;      Mühldorf a.Inn, Landkreis;939;421;53;54;2;19;61;301;264;292
2012;09184;      München, Landkreis;738;337;90;157;3;62;23;231;189;230
2012;09185;      Neuburg-Schrobenhausen, Landkreis;196;102;11;26;4;26;13;43;34;76
2012;09186;      Pfaffenhofen a.d.Ilm, Landkreis;355;187;27;59;3;24;22;110;82;114
2012;09187;      Rosenheim, Landkreis;1353;578;84;156;6;51;67;406;367;456
2012;09188;      Starnberg, Landkreis;230;113;21;43;5;6;16;102;44;57
2012;09189;      Traunstein, Landkreis;759;358;41;76;2;33;35;241;201;247
2012;09190;      Weilheim-Schongau, Landkreis;624;197;28;65;4;17;74;268;146;115
2012;092;    Niederbayern, Regierungsbezirk;3723;2016;123;624;32;87;222;939;932;1511
2012;09261;      Landshut;300;154;23;124;2;8;18;94;75;103
2012;09262;      Passau;255;124;16;57;5;9;8;65;83;85
2012;09263;      Straubing;502;198;19;67;5;15;34;149;128;171
2012;09271;      Deggendorf, Landkreis;391;232;12;50;2;5;19;64;95;206
2012;09272;      Freyung-Grafenau, Landkreis;255;138;2;39;1;6;13;52;72;111
2012;09273;      Kelheim, Landkreis;290;168;21;45;4;9;33;75;76;93
2012;09274;      Landshut, Landkreis;316;185;4;29;1;1;30;114;56;114
2012;09275;      Passau, Landkreis;464;261;11;70;6;13;14;99;115;217
2012;09276;      Regen, Landkreis;254;145;0;32;1;1;13;68;51;120
2012;09277;      Rottal-Inn, Landkreis;286;186;9;55;0;9;13;56;62;146
2012;09278;      Straubing-Bogen, Landkreis;216;129;4;29;4;5;25;55;54;73
2012;09279;      Dingolfing-Landau, Landkreis;194;96;2;27;1;6;2;48;65;72
2012;093;    Oberpfalz, Regierungsbezirk;4347;2204;147;772;32;192;260;1265;1258;1340
2012;09361;      Amberg;165;93;5;34;1;8;6;48;36;66
2012;09362;      Regensburg;497;247;42;217;7;22;29;161;145;133
2012;09363;      Weiden i.d.OPf.;228;127;18;130;2;24;17;69;60;56
2012;09371;      Amberg-Sulzbach, Landkreis;498;257;20;36;2;14;28;155;164;135
2012;09372;      Cham, Landkreis;678;248;17;66;3;18;35;165;220;237
2012;09373;      Neumarkt i.d.OPf., Landkreis;669;416;15;66;2;26;45;186;218;192
2012;09374;      Neustadt a.d.Waldnaab, Landkreis;320;161;5;41;0;29;14;95;95;87
2012;09375;      Regensburg, Landkreis;386;204;9;63;2;14;29;79;107;155
2012;09376;      Schwandorf, Landkreis;697;328;13;95;10;27;47;251;176;186
2012;09377;      Tirschenreuth, Landkreis;209;123;3;24;3;10;10;56;37;93
2012;094;    Oberfranken, Regierungsbezirk;3549;1793;155;889;46;218;193;1006;1030;1056
2012;09461;      Bamberg;260;124;26;111;5;27;17;75;62;74
2012;09462;      Bayreuth;475;215;32;231;3;27;34;186;140;85
2012;09463;      Coburg;143;57;7;34;1;13;5;33;49;42
2012;09464;      Hof;139;70;21;49;4;12;0;31;41;51
2012;09471;      Bamberg, Landkreis;246;125;7;38;5;16;11;59;56;99
2012;09472;      Bayreuth, Landkreis;231;115;4;47;5;12;7;38;59;110
2012;09473;      Coburg, Landkreis;151;77;3;33;0;8;3;36;44;60
2012;09474;      Forchheim, Landkreis;266;143;9;85;8;20;13;65;80;80
2012;09475;      Hof, Landkreis;346;148;9;76;4;16;7;89;125;105
2012;09476;      Kronach, Landkreis;171;85;0;55;3;13;8;42;59;46
2012;09477;      Kulmbach, Landkreis;518;291;20;21;1;13;32;173;160;139
2012;09478;      Lichtenfels, Landkreis;397;240;10;47;5;24;46;133;93;96
2012;09479;      Wunsiedel i.Fichtelgebirge, Landkreis;206;103;7;62;2;17;10;46;62;69
2012;095;    Mittelfranken, Regierungsbezirk;8059;3668;642;1742;83;363;450;2766;2283;2114
2012;09561;      Ansbach;425;210;34;267;1;6;24;228;98;68
2012;09562;      Erlangen;337;160;23;115;9;15;10;131;106;66
2012;09563;      Fürth;511;258;65;206;6;29;19;148;172;137
2012;09564;      Nürnberg;2224;983;341;766;43;141;97;624;670;649
2012;09565;      Schwabach;127;73;5;34;1;1;3;38;40;44
2012;09571;      Ansbach, Landkreis;1090;520;37;75;6;80;100;384;248;272
2012;09572;      Erlangen-Höchstadt, Landkreis;486;163;22;41;2;10;29;195;130;120
2012;09573;      Fürth, Landkreis;123;59;9;25;2;9;3;16;30;63
2012;09574;      Nürnberger Land, Landkreis;692;320;30;54;4;25;55;229;190;189
2012;09575;      Neustadt a.d.Aisch-Bad Windsheim, Landkreis;465;216;11;52;4;13;27;156;129;136
2012;09576;      Roth, Landkreis;753;311;31;44;3;23;50;355;160;162
2012;09577;      Weißenburg-Gunzenhausen, Landkreis;826;395;34;63;2;11;33;262;310;208
2012;096;    Unterfranken, Regierungsbezirk;3481;1716;196;946;67;206;222;1099;880;1007
2012;09661;      Aschaffenburg;266;147;22;152;9;13;16;87;94;47
2012;09662;      Schweinfurt;265;147;18;102;1;17;12;82;85;68
2012;09663;      Würzburg;622;305;55;190;13;28;69;285;100;127
2012;09671;      Aschaffenburg, Landkreis;173;102;13;84;2;27;14;45;49;36
2012;09672;      Bad Kissingen, Landkreis;431;196;15;69;6;16;28;137;100;144
2012;09673;      Rhön-Grabfeld, Landkreis;235;103;6;39;4;14;17;54;55;91
2012;09674;      Haßberge, Landkreis;202;78;2;34;3;6;13;53;65;62
2012;09675;      Kitzingen, Landkreis;265;122;15;67;6;12;7;64;67;109
2012;09676;      Miltenberg, Landkreis;177;93;13;71;8;25;11;30;44;59
2012;09677;      Main-Spessart, Landkreis;290;153;17;47;1;13;8;96;65;107
2012;09678;      Schweinfurt, Landkreis;207;111;6;29;7;17;6;32;51;94
2012;09679;      Würzburg, Landkreis;348;159;14;62;7;18;21;134;105;63
2012;097;    Schwaben, Regierungsbezirk;5399;2727;367;1150;40;209;348;1703;1490;1609
2012;09761;      Augsburg;884;460;114;325;7;20;30;256;314;257
2012;09762;      Kaufbeuren;235;117;12;79;5;5;11;77;66;71
2012;09763;      Kempten (Allgäu);281;154;26;87;2;11;26;100;69;73
2012;09764;      Memmingen;161;95;10;53;0;3;5;55;45;53
2012;09771;      Aichach-Friedberg, Landkreis;145;89;6;45;2;8;7;53;32;43
2012;09772;      Augsburg, Landkreis;302;167;18;40;3;24;21;78;61;115
2012;09773;      Dillingen a.d.Donau, Landkreis;487;275;21;42;10;20;37;146;124;150
2012;09774;      Günzburg, Landkreis;973;445;52;78;3;71;101;304;266;228
2012;09775;      Neu-Ulm, Landkreis;244;110;26;105;3;10;9;99;73;50
2012;09776;      Lindau (Bodensee), Landkreis;286;131;17;73;1;4;13;80;95;93
2012;09777;      Ostallgäu, Landkreis;287;161;19;68;2;5;21;81;79;99
2012;09778;      Unterallgäu, Landkreis;349;176;13;36;1;6;22;113;69;138
2012;09779;      Donau-Ries, Landkreis;481;195;19;46;0;7;30;196;121;127
2012;09780;      Oberallgäu, Landkreis;284;152;14;73;1;15;15;65;76;112
2012;10;  Saarland;4636;2334;217;1326;98;286;226;1293;1498;1235
2012;10041;      Saarbrücken, Regionalverband;1412;716;91;437;40;83;41;321;431;496
2012;10041100;      Saarbrücken, Landeshauptstadt;775;388;69;314;30;55;19;167;212;292
2012;10042;      Merzig-Wadern, Landkreis;563;279;22;111;7;10;9;140;241;156
2012;10043;      Neunkirchen, Landkreis;683;333;23;163;10;49;56;247;215;106
2012;10044;      Saarlouis, Landkreis;847;419;51;420;27;67;38;269;298;148
2012;10045;      Saarpfalz-Kreis;536;305;19;150;9;50;22;118;156;181
2012;10046;      St. Wendel, Landkreis;279;147;4;41;4;7;17;80;76;95
2012;11;  Berlin;19975;9425;1679;8331;769;1515;686;6483;5865;4657
2012;12;  Brandenburg;9149;3998;137;3081;315;641;560;3458;2721;1454
2012;12051;      Brandenburg an der Havel, Kreisfreie Stadt;393;184;6;164;12;34;25;140;113;69
2012;12052;      Cottbus, Kreisfreie Stadt;364;151;8;111;8;24;24;154;108;46
2012;12053;      Frankfurt (Oder), Kreisfreie Stadt;350;127;26;137;16;26;23;137;103;45
2012;12054;      Potsdam, Kreisfreie Stadt;510;230;7;178;16;24;29;230;152;59
2012;12060;      Barnim, Landkreis;623;277;3;154;17;44;33;192;187;150
2012;12061;      Dahme-Spreewald, Landkreis;494;221;2;194;11;57;18;162;147;99
2012;12062;      Elbe-Elster, Landkreis;423;173;2;109;23;27;20;188;110;55
2012;12063;      Havelland, Landkreis;622;264;0;206;25;50;23;208;197;119
2012;12064;      Märkisch-Oderland, Landkreis;683;301;7;238;17;51;39;243;222;111
2012;12065;      Oberhavel, Landkreis;678;309;5;210;18;25;45;236;219;135
2012;12066;      Oberspreewald-Lausitz, Landkreis;461;188;4;126;13;41;29;175;139;64
2012;12067;      Oder-Spree, Landkreis;732;325;11;250;23;44;46;312;204;103
2012;12068;      Ostprignitz-Ruppin, Landkreis;445;225;0;179;26;34;23;165;112;85
2012;12069;      Potsdam-Mittelmark, Landkreis;582;293;2;162;8;29;39;203;180;123
2012;12070;      Prignitz, Landkreis;459;191;52;203;32;35;48;173;119;52
2012;12071;      Spree-Neiße, Landkreis;423;186;2;164;12;21;33;157;147;53
2012;12072;      Teltow-Fläming, Landkreis;472;167;0;154;23;44;33;192;144;36
2012;12073;      Uckermark, Landkreis;435;186;0;142;15;31;30;191;118;50
2012;13;  Mecklenburg-Vorpommern;10151;4193;136;3509;365;578;721;3764;3141;1582
2012;13001;      Kreisfreie Stadt Greifswald, Hansestadt;-;-;-;-;-;-;-;-;-;-
2012;13002;      Kreisfreie Stadt Neubrandenburg, Stadt;-;-;-;-;-;-;-;-;-;-
2012;13003;      Kreisfreie Stadt Rostock, Hansestadt;1200;503;35;572;47;78;110;505;336;124
2012;13004;      Kreisfreie Stadt Schwerin, Landeshauptstadt;921;389;67;554;48;60;90;388;262;73
2012;13005;      Kreisfreie Stadt Stralsund, Hansestadt;-;-;-;-;-;-;-;-;-;-
2012;13006;      Kreisfreie Stadt Wismar, Hansestadt;-;-;-;-;-;-;-;-;-;-
2012;13051;      Landkreis Bad Doberan;-;-;-;-;-;-;-;-;-;-
2012;13052;      Landkreis Demmin;-;-;-;-;-;-;-;-;-;-
2012;13053;      Landkreis Güstrow;-;-;-;-;-;-;-;-;-;-
2012;13054;      Landkreis Ludwigslust;-;-;-;-;-;-;-;-;-;-
2012;13055;      Landkreis Mecklenburg-Strelitz;-;-;-;-;-;-;-;-;-;-
2012;13056;      Landkreis Müritz;-;-;-;-;-;-;-;-;-;-
2012;13057;      Landkreis Nordvorpommern;-;-;-;-;-;-;-;-;-;-
2012;13058;      Landkreis Nordwestmecklenburg;-;-;-;-;-;-;-;-;-;-
2012;13059;      Landkreis Ostvorpommern;-;-;-;-;-;-;-;-;-;-
2012;13060;      Landkreis Parchim;-;-;-;-;-;-;-;-;-;-
2012;13061;      Landkreis Rügen;-;-;-;-;-;-;-;-;-;-
2012;13062;      Landkreis Uecker-Randow;-;-;-;-;-;-;-;-;-;-
2012;13071;      Landkreis Mecklenburgische Seenplatte;1681;711;2;602;68;89;109;631;536;248
2012;13072;      Landkreis Rostock;1037;441;4;258;33;47;63;390;309;195
2012;13073;      Landkreis Vorpommern-Rügen;1534;598;7;473;52;63;86;581;517;235
2012;13074;      Landkreis Nordwestmecklenburg;932;382;16;335;36;82;64;296;297;157
2012;13075;      Landkreis Vorpommern-Greifswald;1551;625;2;396;35;77;105;531;500;303
2012;13076;      Landkreis Ludwigslust-Parchim;1295;544;3;319;46;82;94;442;384;247
2012;14;  Sachsen;13079;5651;218;4812;446;988;782;4853;3930;2080
2012;141;    Chemnitz, Regierungsbezirk;-;-;-;-;-;-;-;-;-;-
2012;14161;      Chemnitz, Kreisfreie Stadt;-;-;-;-;-;-;-;-;-;-
2012;14166;      Plauen, Kreisfreie Stadt;-;-;-;-;-;-;-;-;-;-
2012;14167;      Zwickau, Kreisfreie Stadt;-;-;-;-;-;-;-;-;-;-
2012;14171;      Annaberg, Landkreis;-;-;-;-;-;-;-;-;-;-
2012;14173;      Chemnitzer Land, Landkreis;-;-;-;-;-;-;-;-;-;-
2012;14177;      Freiberg, Landkreis;-;-;-;-;-;-;-;-;-;-
2012;14178;      Vogtlandkreis;-;-;-;-;-;-;-;-;-;-
2012;14181;      Mittlerer Erzgebirgskreis;-;-;-;-;-;-;-;-;-;-
2012;14182;      Mittweida, Landkreis;-;-;-;-;-;-;-;-;-;-
2012;14188;      Stollberg, Landkreis;-;-;-;-;-;-;-;-;-;-
2012;14191;      Aue-Schwarzenberg, Landkreis;-;-;-;-;-;-;-;-;-;-
2012;14193;      Zwickauer Land, Landkreis;-;-;-;-;-;-;-;-;-;-
2012;142;    Dresden, Regierungsbezirk;-;-;-;-;-;-;-;-;-;-
2012;14262;      Dresden, Kreisfreie Stadt;-;-;-;-;-;-;-;-;-;-
2012;14263;      Görlitz, Kreisfreie Stadt;-;-;-;-;-;-;-;-;-;-
2012;14264;      Hoyerswerda, Kreisfreie Stadt;-;-;-;-;-;-;-;-;-;-
2012;14272;      Bautzen, Landkreis;-;-;-;-;-;-;-;-;-;-
2012;14280;      Meißen, Landkreis;-;-;-;-;-;-;-;-;-;-
2012;14284;      Niederschlesischer Oberlausitzkreis;-;-;-;-;-;-;-;-;-;-
2012;14285;      Riesa-Großenhain, Landkreis;-;-;-;-;-;-;-;-;-;-
2012;14286;      Löbau-Zittau, Landkreis;-;-;-;-;-;-;-;-;-;-
2012;14287;      Sächsische Schweiz, Landkreis;-;-;-;-;-;-;-;-;-;-
2012;14290;      Weißeritzkreis;-;-;-;-;-;-;-;-;-;-
2012;14292;      Kamenz, Landkreis;-;-;-;-;-;-;-;-;-;-
2012;143;    Leipzig, Regierungsbezirk;-;-;-;-;-;-;-;-;-;-
2012;14365;      Leipzig, Kreisfreie Stadt;-;-;-;-;-;-;-;-;-;-
2012;14374;      Delitzsch, Landkreis;-;-;-;-;-;-;-;-;-;-
2012;14375;      Döbeln, Landkreis;-;-;-;-;-;-;-;-;-;-
2012;14379;      Leipziger Land, Landkreis;-;-;-;-;-;-;-;-;-;-
2012;14383;      Muldentalkreis;-;-;-;-;-;-;-;-;-;-
2012;14389;      Torgau-Oschatz, Landkreis;-;-;-;-;-;-;-;-;-;-
2012;145;    Chemnitz, NUTS 2-Region;3962;1624;40;1667;156;326;186;1469;1397;428
2012;14511;      Chemnitz, Stadt;758;331;24;404;40;92;42;231;231;122
2012;14521;      Erzgebirgskreis;911;371;6;413;38;86;39;365;359;24
2012;14522;      Mittelsachsen, Landkreis;880;366;3;252;22;51;44;315;289;159
2012;14523;      Vogtlandkreis;680;281;3;262;22;50;17;260;224;107
2012;14524;      Zwickau, Landkreis;733;275;4;336;34;47;44;298;294;16
2012;146;    Dresden, NUTS 2-Region;5591;2512;69;1924;154;377;346;2042;1568;1104
2012;14612;      Dresden, Stadt;1532;724;47;746;48;117;86;547;418;316
2012;14625;      Bautzen, Landkreis;1058;477;.;224;30;40;63;447;236;242
2012;14626;      Görlitz, Landkreis;1417;608;14;289;27;70;70;493;468;289
2012;14627;      Meißen, Landkreis;844;357;4;397;27;83;64;312;254;104
2012;14628;      Sächsische Schweiz-Osterzgebirge, Landkreis;740;346;.;268;22;67;63;243;192;153
2012;147;    Leipzig, NUTS 2-Region;3062;1339;108;1209;129;265;200;1150;875;443
2012;14713;      Leipzig, Stadt;1611;703;100;817;75;174;97;592;489;184
2012;14729;      Leipzig, Landkreis;759;345;.;233;31;51;50;252;233;142
2012;14730;      Nordsachsen, Landkreis;692;291;.;159;23;40;53;306;153;117
2012;15;  Sachsen-Anhalt;14881;6584;158;3571;444;791;894;4748;4666;3338
2012;15001;      Dessau-Roßlau, Kreisfreie Stadt;457;174;8;151;6;13;20;140;169;109
2012;15002;      Halle (Saale), Kreisfreie Stadt;1746;800;32;475;81;116;76;596;571;306
2012;15003;      Magdeburg, Kreisfreie Stadt;1391;634;36;504;58;80;78;477;446;252
2012;15081;      Altmarkkreis Salzwedel;868;355;0;158;17;37;61;293;279;181
2012;15082;      Anhalt-Bitterfeld, Landkreis;783;347;6;175;27;44;43;235;243;191
2012;15083;      Börde, Landkreis;1038;491;3;167;21;19;45;309;368;276
2012;15084;      Burgenlandkreis;910;413;11;308;44;74;40;236;270;246
2012;15085;      Harz, Landkreis;1710;736;3;294;17;50;132;538;574;399
2012;15086;      Jerichower Land, Landkreis;600;256;3;213;21;28;35;182;194;140
2012;15087;      Mansfeld-Südharz, Landkreis;702;304;8;223;33;72;72;208;193;124
2012;15088;      Saalekreis;786;376;23;258;31;55;43;293;237;127
2012;15089;      Salzlandkreis;1321;623;7;284;34;89;83;396;381;338
2012;15090;      Stendal, Landkreis;1216;501;11;213;30;59;71;417;357;282
2012;15091;      Wittenberg, Landkreis;612;267;0;141;18;35;30;176;196;157
2012;151;    Dessau, Stat. Region;-;-;-;-;-;-;-;-;-;-
2012;15101;      Dessau, Kreisfreie Stadt;-;-;-;-;-;-;-;-;-;-
2012;15151;      Anhalt-Zerbst, Kreis;-;-;-;-;-;-;-;-;-;-
2012;15153;      Bernburg, Kreis;-;-;-;-;-;-;-;-;-;-
2012;15154;      Bitterfeld, Kreis;-;-;-;-;-;-;-;-;-;-
2012;15159;      Köthen, Kreis;-;-;-;-;-;-;-;-;-;-
2012;15171;      Wittenberg, Kreis;-;-;-;-;-;-;-;-;-;-
2012;152;    Halle, Stat. Region;-;-;-;-;-;-;-;-;-;-
2012;15202;      Halle (Saale), Kreisfreie Stadt;-;-;-;-;-;-;-;-;-;-
2012;15256;      Burgenlandkreis;-;-;-;-;-;-;-;-;-;-
2012;15260;      Mansfelder Land, Kreis;-;-;-;-;-;-;-;-;-;-
2012;15261;      Merseburg-Querfurt, Kreis;-;-;-;-;-;-;-;-;-;-
2012;15265;      Saalkreis;-;-;-;-;-;-;-;-;-;-
2012;15266;      Sangerhausen, Kreis;-;-;-;-;-;-;-;-;-;-
2012;15268;      Weißenfels, Kreis;-;-;-;-;-;-;-;-;-;-
2012;153;    Magdeburg, Stat. Region;-;-;-;-;-;-;-;-;-;-
2012;15303;      Magdeburg, Kreisfreie Stadt;-;-;-;-;-;-;-;-;-;-
2012;15352;      Aschersleben-Staßfurt, Kreis;-;-;-;-;-;-;-;-;-;-
2012;15355;      Bördekreis;-;-;-;-;-;-;-;-;-;-
2012;15357;      Halberstadt, Kreis;-;-;-;-;-;-;-;-;-;-
2012;15358;      Jerichower Land, Kreis;-;-;-;-;-;-;-;-;-;-
2012;15362;      Ohrekreis;-;-;-;-;-;-;-;-;-;-
2012;15363;      Stendal, Kreis;-;-;-;-;-;-;-;-;-;-
2012;15364;      Quedlinburg, Kreis;-;-;-;-;-;-;-;-;-;-
2012;15367;      Schönebeck, Kreis;-;-;-;-;-;-;-;-;-;-
2012;15369;      Wernigerode, Kreis;-;-;-;-;-;-;-;-;-;-
2012;15370;      Altmarkkreis Salzwedel, Kreis;-;-;-;-;-;-;-;-;-;-
2012;16;  Thüringen;8573;3592;74;2846;277;776;626;3126;2339;1429
2012;16051;      Erfurt, krsfr. Stadt;961;451;27;456;39;99;69;296;287;171
2012;16052;      Gera, krsfr. Stadt;397;183;5;133;24;27;30;140;107;69
2012;16053;      Jena, krsfr. Stadt;318;146;2;160;4;16;16;123;102;57
2012;16054;      Suhl, krsfr. Stadt;95;41;3;52;2;10;1;33;31;18
2012;16055;      Weimar, krsfr. Stadt;323;143;8;188;9;57;21;129;92;15
2012;16056;      Eisenach, krsfr. Stadt;359;152;5;143;10;27;23;165;86;48
2012;16061;      Eichsfeld, Kreis;418;171;1;37;6;19;31;127;119;116
2012;16062;      Nordhausen, Kreis;415;173;4;109;15;34;34;174;87;71
2012;16063;      Wartburgkreis;299;109;0;106;5;4;7;112;105;66
2012;16064;      Unstrut-Hainich-Kreis;444;206;1;135;17;29;32;147;126;93
2012;16065;      Kyffhäuserkreis;322;146;0;123;12;29;24;116;85;56
2012;16066;      Schmalkalden-Meiningen, Kreis;295;120;1;76;5;15;24;110;85;56
2012;16067;      Gotha, Kreis;432;176;3;151;17;46;21;138;135;75
2012;16068;      Sömmerda, Kreis;289;104;1;87;17;66;41;79;51;35
2012;16069;      Hildburghausen, Kreis;289;111;1;54;5;14;24;127;65;54
2012;16070;      Ilm-Kreis;406;158;1;184;18;58;38;141;109;42
2012;16071;      Weimarer Land, Kreis;250;119;1;78;9;19;14;103;60;45
2012;16072;      Sonneberg, Kreis;135;50;0;61;3;3;3;53;49;24
2012;16073;      Saalfeld-Rudolstadt, Kreis;454;162;2;115;11;80;19;159;135;50
2012;16074;      Saale-Holzland-Kreis;179;69;3;65;9;12;13;86;40;19
2012;16075;      Saale-Orla-Kreis;392;165;0;88;10;44;42;188;66;42
2012;16076;      Greiz, Kreis;313;118;1;120;12;28;16;114;103;40
2012;16077;      Altenburger Land, Kreis;297;134;2;105;13;18;20;87;84;75